p,seed,ideal_code_logical_error,naive_qec_logical_error,flagged_ftec_logical_error,flagged_logical_X,flagged_logical_Y,flagged_logical_Z,flag_trigger_rate,syndrome_trigger_rate,no_trigger_rate,unprotected_accuracy,ideal_code_accuracy,naive_qec_accuracy,flagged_ftec_accuracy,unprotected_f1,ideal_code_f1,naive_qec_f1,flagged_ftec_f1
0.0,42,0.0,0.03909399999999996,0.013274000000000008,0.004454,0.004276,0.004544,0.078796,0.099564,0.82164,0.9143,0.9143,0.1493,0.594,0.9146426842076639,0.9146426842076639,0.10074138947411611,0.5788997622489255
0.0,43,0.0,0.03909399999999996,0.013274000000000008,0.004454,0.004276,0.004544,0.078796,0.099564,0.82164,0.9143,0.9143,0.1532,0.5917,0.9146426842076639,0.9146426842076639,0.1050138600770983,0.5774393233985822
0.0,44,0.0,0.03909399999999996,0.013274000000000008,0.004454,0.004276,0.004544,0.078796,0.099564,0.82164,0.9143,0.9143,0.1552,0.5891,0.9146426842076639,0.9146426842076639,0.1060035620902456,0.575439828486705
0.0,45,0.0,0.03909399999999996,0.013274000000000008,0.004454,0.004276,0.004544,0.078796,0.099564,0.82164,0.9143,0.9143,0.1486,0.589,0.9146426842076639,0.9146426842076639,0.09952700921115418,0.5729320132043798
0.0,46,0.0,0.03909399999999996,0.013274000000000008,0.004454,0.004276,0.004544,0.078796,0.099564,0.82164,0.9143,0.9143,0.1487,0.5965,0.9146426842076639,0.9146426842076639,0.09924545547302425,0.581980423350513
0.001,1042,9.977795550786261e-06,0.039524000000000004,0.014274000000000009,0.004784,0.00472,0.00477,0.078434,0.104122,0.817444,0.9136,0.9143,0.1507,0.5428,0.9141309909062219,0.9146467371902443,0.10224052993462607,0.5257268091425604
0.001,1043,9.977795550786261e-06,0.039524000000000004,0.014274000000000009,0.004784,0.00472,0.00477,0.078434,0.104122,0.817444,0.9133,0.9143,0.1435,0.5418,0.9138283441276487,0.9146426842076639,0.09512281706844201,0.5226521445651064
0.001,1044,9.977795550786261e-06,0.039524000000000004,0.014274000000000009,0.004784,0.00472,0.00477,0.078434,0.104122,0.817444,0.9133,0.9143,0.1504,0.5386,0.9137757567366164,0.9146426842076639,0.0998842888493247,0.5181654196862491
0.001,1045,9.977795550786261e-06,0.039524000000000004,0.014274000000000009,0.004784,0.00472,0.00477,0.078434,0.104122,0.817444,0.9126,0.9143,0.1477,0.5471,0.9131390302476937,0.9146426842076639,0.10133721892187811,0.5287050706540849
0.001,1046,9.977795550786261e-06,0.039524000000000004,0.014274000000000009,0.004784,0.00472,0.00477,0.078434,0.104122,0.817444,0.9139,0.9142,0.1495,0.5377,0.9144251187395109,0.9145420121439531,0.10220138766920543,0.5143163292872207
0.002,2042,3.9822506515019285e-05,0.03922800000000004,0.014294000000000029,0.00469,0.00465,0.004954,0.078254,0.108278,0.813468,0.9118,0.9143,0.1508,0.5476,0.9124906900476668,0.9146537788018005,0.10336661085317103,0.526692381560943
0.002,2043,3.9822506515019285e-05,0.03922800000000004,0.014294000000000029,0.00469,0.00465,0.004954,0.078254,0.108278,0.813468,0.9123,0.914,0.1503,0.5481,0.9129733569385741,0.9143515454322187,0.10227859284896408,0.5309658989594985
0.002,2044,3.9822506515019285e-05,0.03922800000000004,0.014294000000000029,0.00469,0.00465,0.004954,0.078254,0.108278,0.813468,0.9118,0.9142,0.1542,0.5464,0.9125110396556229,0.914553514809813,0.1049708888862296,0.5261805055379087
0.002,2045,3.9822506515019285e-05,0.03922800000000004,0.014294000000000029,0.00469,0.00465,0.004954,0.078254,0.108278,0.813468,0.911,0.9143,0.1476,0.5519,0.9117069620990275,0.9146536937255249,0.09643492218847628,0.5331930576985828
0.002,2046,3.9822506515019285e-05,0.03922800000000004,0.014294000000000029,0.00469,0.00465,0.004954,0.078254,0.108278,0.813468,0.9114,0.9144,0.1527,0.5535,0.9120319604691483,0.9147417355925995,0.10185080454536188,0.5346120159384282
0.005,3042,0.0002472333185183917,0.040243999999999946,0.016382000000000008,0.005622,0.005338,0.005422,0.077694,0.121906,0.8004,0.8983,0.9147,0.1513,0.4582,0.8999029393269711,0.9150836397788898,0.10258812834541806,0.42411217282029695
0.005,3043,0.0002472333185183917,0.040243999999999946,0.016382000000000008,0.005622,0.005338,0.005422,0.077694,0.121906,0.8004,0.8982,0.9134,0.1501,0.4554,0.8998297933134332,0.9137788971971634,0.1007562992854858,0.4226444080751265
0.005,3044,0.0002472333185183917,0.040243999999999946,0.016382000000000008,0.005622,0.005338,0.005422,0.077694,0.121906,0.8004,0.8979,0.9148,0.1486,0.4529,0.8995984516422084,0.9151799380862322,0.09895642015671655,0.417290488744232
0.005,3045,0.0002472333185183917,0.040243999999999946,0.016382000000000008,0.005622,0.005338,0.005422,0.077694,0.121906,0.8004,0.8968,0.9136,0.1421,0.4565,0.8984294690055366,0.9139760621800755,0.09502684167260408,0.4243193893632927
0.005,3046,0.0002472333185183917,0.040243999999999946,0.016382000000000008,0.005622,0.005338,0.005422,0.077694,0.121906,0.8004,0.8959,0.914,0.1446,0.4533,0.8976274880354321,0.9144182988795728,0.09750693540439623,0.42081912538527444
0.01,4042,0.000977955081481463,0.04208599999999996,0.019847999999999977,0.00674,0.00647,0.006638,0.076352,0.141628,0.78202,0.7543,0.9129,0.1415,0.35,0.7554261610528727,0.913387207086884,0.09172576365051732,0.3055162248104237
0.01,4043,0.000977955081481463,0.04208599999999996,0.019847999999999977,0.00674,0.00647,0.006638,0.076352,0.141628,0.78202,0.7435,0.9127,0.1423,0.3507,0.7441597357316054,0.9132326142367271,0.0946231495367004,0.30414929937685037
0.01,4044,0.000977955081481463,0.04208599999999996,0.019847999999999977,0.00674,0.00647,0.006638,0.076352,0.141628,0.78202,0.745,0.9127,0.1465,0.3524,0.7439312342720641,0.9132092611875118,0.09759202821180753,0.3091499432789643
0.01,4045,0.000977955081481463,0.04208599999999996,0.019847999999999977,0.00674,0.00647,0.006638,0.076352,0.141628,0.78202,0.7444,0.9139,0.1389,0.3558,0.743530652321881,0.9144159609053482,0.09103608164143433,0.31071211930020515
0.01,4046,0.000977955081481463,0.04208599999999996,0.019847999999999977,0.00674,0.00647,0.006638,0.076352,0.141628,0.78202,0.7498,0.9127,0.1402,0.3513,0.7498339199793944,0.9131817966777677,0.09229832800103646,0.30858869153522867
0.02,5042,0.0038250514962961946,0.04642000000000002,0.027324000000000015,0.009228,0.008994,0.009102,0.075062,0.18292,0.742018,0.3523,0.9061,0.138,0.2218,0.30758533153381395,0.9073877210213288,0.08988734189350833,0.16931105181727354
0.02,5043,0.0038250514962961946,0.04642000000000002,0.027324000000000015,0.009228,0.008994,0.009102,0.075062,0.18292,0.742018,0.3453,0.906,0.1418,0.2252,0.2997495779385786,0.9071574057079846,0.0936273276937798,0.17080079225611022
0.02,5044,0.0038250514962961946,0.04642000000000002,0.027324000000000015,0.009228,0.008994,0.009102,0.075062,0.18292,0.742018,0.3429,0.9078,0.1369,0.2194,0.29354195689968715,0.9089406715108602,0.08853910007058,0.16678399821372786
0.02,5045,0.0038250514962961946,0.04642000000000002,0.027324000000000015,0.009228,0.008994,0.009102,0.075062,0.18292,0.742018,0.3401,0.9054,0.1379,0.2268,0.2921147853987839,0.9065940293686742,0.08941277198952695,0.1746264866890112
0.02,5046,0.0038250514962961946,0.04642000000000002,0.027324000000000015,0.009228,0.008994,0.009102,0.075062,0.18292,0.742018,0.3407,0.9068,0.1344,0.2234,0.29447948488596837,0.9079486799676969,0.08707918721584304,0.17020554627640516
0.05,6042,0.022331851851851825,0.07031600000000005,0.056772000000000045,0.018892,0.018668,0.019212,0.069608,0.29284,0.637552,0.1311,0.2917,0.122,0.1209,0.08310588582745713,0.2400000045421063,0.07579515011266767,0.07488361755200972
0.05,6043,0.022331851851851825,0.07031600000000005,0.056772000000000045,0.018892,0.018668,0.019212,0.069608,0.29284,0.637552,0.1327,0.2943,0.1167,0.125,0.08525004729381225,0.24267284710693676,0.06978860211576172,0.07828359223491993
0.05,6044,0.022331851851851825,0.07031600000000005,0.056772000000000045,0.018892,0.018668,0.019212,0.069608,0.29284,0.637552,0.1353,0.2888,0.1206,0.1236,0.08594967010859324,0.23715512838185554,0.07279395204463092,0.07519991144980186
0.05,6045,0.022331851851851825,0.07031600000000005,0.056772000000000045,0.018892,0.018668,0.019212,0.069608,0.29284,0.637552,0.1278,0.2893,0.1234,0.1269,0.0803221845903749,0.2361251010167064,0.07419055409376404,0.07835575859748103
0.05,6046,0.022331851851851825,0.07031600000000005,0.056772000000000045,0.018892,0.018668,0.019212,0.069608,0.29284,0.637552,0.1325,0.2953,0.1191,0.1292,0.08259562392397339,0.24392805185731023,0.07430958046205542,0.07926432449032275
