p_data,p_cnot,p_measurement,p_recovery,effective_qec1_error,effective_qec3_error,estimated_qec1_accuracy,estimated_qec3_accuracy,qec3_minus_qec1_accuracy,qec1_minus_qec3_logical_error
0.005,0.0,0.0,0.005,8.199999865610152e-05,7.599999662488699e-05,0.9142016000016127,0.9142088000040501,7.200002437479647e-06,6.000002031214535e-06
0.005,0.001,0.0,0.005,0.0011139999842271209,0.0010979999788105488,0.9129689000181388,0.9129873000243679,1.8400006229102317e-05,1.6000005416572094e-05
0.005,0.002,0.0,0.005,0.0021879998967051506,0.002251999918371439,0.9111698004286737,0.9109042003387585,-0.0002656000899151634,-6.400002166628838e-05
0.005,0.005,0.0,0.005,0.005330000072717667,0.005822000093758106,0.8825664981856942,0.8702910976607353,-0.012275400524958902,-0.0004920000210404396
0.005,0.01,0.0,0.005,0.010817999951541424,0.013749999925494194,0.6725070821292699,0.5528500027269125,-0.11965707940235737,-0.0029319999739527702
0.005,0.02,0.0,0.005,0.021973999217152596,0.03275400027632713,0.34260525310486556,0.24605191875100135,-0.0965533343538642,-0.010780001059174538
0.005,0.0,0.005,0.005,0.00019799999427050352,6.800000119255856e-05,0.9140624000068754,0.9142183999985689,0.00015599999169346734,0.00012999999307794496
0.005,0.001,0.005,0.005,0.0012080000014975667,0.0011360000353306532,0.9128607999982778,0.9129435999593698,8.279996109195054e-05,7.199996616691351e-05
0.005,0.002,0.005,0.005,0.0021559998858720064,0.0023580000270158052,0.9113026004736312,0.9104642998878845,-0.0008383005857467429,-0.00020200014114379883
0.005,0.005,0.005,0.005,0.005365999881178141,0.006289999932050705,0.8816683029646054,0.8573240019977093,-0.024344300966896104,-0.0009240000508725643
0.005,0.01,0.005,0.005,0.011133999563753605,0.014378000050783157,0.6586220591686667,0.5298651981413365,-0.1287568610273302,-0.0032440004870295525
0.005,0.02,0.005,0.005,0.022665999829769135,0.03351400047540665,0.331874401974678,0.24261671785116196,-0.08925768412351603,-0.010848000645637512
0.005,0.0,0.01,0.005,0.0003100000030826777,8.199999865610152e-05,0.9139279999963008,0.9142016000016127,0.00027360000531184703,0.0002280000044265762
0.005,0.001,0.01,0.005,0.001307999948039651,0.0011680000461637974,0.9127458000597545,0.9129067999469117,0.00016099988715723157,0.00013999990187585354
0.005,0.002,0.01,0.005,0.002369999885559082,0.0023419999051839113,0.9104145004749298,0.9105307003934868,0.00011619991855704725,2.7999980375170708e-05
0.005,0.005,0.01,0.005,0.005793999880552292,0.0065460000187158585,0.8709897029802204,0.8497975994497537,-0.021192103530466633,-0.0007520001381635666
0.005,0.01,0.01,0.005,0.011140000075101852,0.014179999940097332,0.6583583967000246,0.5371120021924377,-0.1212463945075869,-0.0030399998649954796
0.005,0.02,0.01,0.005,0.022924000397324562,0.03458400070667267,0.32888159539103506,0.23778031680583955,-0.09110127858519551,-0.011660000309348106
0.005,0.0,0.02,0.005,0.00041599999531172216,9.40000027185306e-05,0.9138008000056259,0.9141871999967378,0.0003863999911118965,0.00032199999259319156
0.005,0.001,0.02,0.005,0.001475999946705997,0.0014059999957680702,0.9125526000612881,0.9126331000048667,8.049994357861578e-05,6.999995093792677e-05
0.005,0.002,0.02,0.005,0.0026259999722242355,0.0025760000571608543,0.9093521001152693,0.9095595997627824,0.00020749964751309857,4.9999915063381195e-05
0.005,0.005,0.02,0.005,0.005681999959051609,0.006796000059694052,0.8737841010216624,0.8424475982449949,-0.03133650277666744,-0.0011140001006424427
0.005,0.01,0.02,0.005,0.011524000205099583,0.014870000071823597,0.6414854309879244,0.5118579973712564,-0.12962743361666806,-0.0033459998667240143
0.005,0.02,0.02,0.005,0.023173999041318893,0.03510800004005432,0.3259816111207008,0.23569911992549897,-0.09028249119520182,-0.011934000998735428
0.005,0.0,0.05,0.005,0.0010720000136643648,0.00018400000408291817,0.913017199984286,0.9140791999951005,0.0010620000108144678,0.0008880000095814466
0.005,0.001,0.05,0.005,0.0020359999034553766,0.0016639999812468886,0.9118006004006602,0.9123364000215661,0.0005357996209058857,0.000371999922208488
0.005,0.002,0.05,0.005,0.0032399999909102917,0.003192000091075897,0.9063960000531748,0.9066767994672059,0.00028079941403114095,4.7999899834394455e-05
0.005,0.005,0.05,0.005,0.006870000157505274,0.008117999881505966,0.8402719953693449,0.790469805201888,-0.049802190167456906,-0.0012479997240006924
0.005,0.01,0.05,0.005,0.01260599959641695,0.01711600087583065,0.5947204147711397,0.4400227722361684,-0.15469764253497126,-0.0045100012794137
0.005,0.02,0.05,0.005,0.024730000644922256,0.039531998336315155,0.3079319925189018,0.22125256818532946,-0.08667942433357234,-0.014801997691392899
0.01,0.0,0.0,0.005,0.00033000000985339284,0.00029600001289509237,0.913903999988176,0.9139447999845259,4.079999634998277e-05,3.399999695830047e-05
0.01,0.001,0.0,0.005,0.001424000016413629,0.001424000016413629,0.9126123999811243,0.9126123999811243,0.0,0.0
0.01,0.002,0.0,0.005,0.002580000087618828,0.002518000081181526,0.9095429996363819,0.9098002996630966,0.0002573000267147574,6.200000643730164e-05
0.01,0.005,0.0,0.005,0.005634000059217215,0.006262000184506178,0.8749816985225305,0.8581471945755184,-0.016834503947012136,-0.0006280001252889633
0.01,0.01,0.0,0.005,0.01129399985074997,0.013938000425696373,0.6515916465580464,0.5459691844195128,-0.10562246213853355,-0.0026440005749464035
0.01,0.02,0.0,0.005,0.023291999474167824,0.033362001180648804,0.3246128060996532,0.2433037546634674,-0.0813090514361858,-0.01007000170648098
0.01,0.0,0.005,0.005,0.0005419999943114817,0.0003020000003743917,0.9136496000068263,0.9139375999995507,0.00028799999272444143,0.00023999999393709004
0.01,0.001,0.005,0.005,0.0016039999900385737,0.0015160000184550881,0.9124054000114556,0.9125065999787767,0.00010119996732105285,8.79999715834856e-05
0.01,0.002,0.005,0.005,0.0026499999221414328,0.002613999880850315,0.909252500323113,0.9094019004944711,0.00014940017135811612,3.600004129111767e-05
0.01,0.005,0.005,0.005,0.005805999971926212,0.0064940000884234905,0.8706903007004411,0.8513263974003494,-0.019363903300091634,-0.0006880001164972782
0.01,0.01,0.005,0.005,0.011327999643981457,0.014440000057220459,0.6500976956434549,0.5275959979057312,-0.12250169773772368,-0.0031120004132390022
0.01,0.02,0.005,0.005,0.02390200085937977,0.034609999507665634,0.31753679003119467,0.23766280222535136,-0.07987398780584332,-0.010707998648285866
0.01,0.0,0.01,0.005,0.0006839999696239829,0.0003220000071451068,0.9134792000364512,0.9139135999914259,0.00043439995497462913,0.0003619999624788761
0.01,0.001,0.01,0.005,0.00184599997010082,0.001550000044517219,0.9121271000343841,0.9124674999488053,0.00034039991442114115,0.000295999925583601
0.01,0.002,0.01,0.005,0.0027759999502450228,0.0028880001045763493,0.9087296002064831,0.9082647995660081,-0.0004648006404749383,-0.00011200015433132648
0.01,0.005,0.01,0.005,0.006056000012904406,0.006657999940216541,0.8642035996206104,0.8465048017576338,-0.01769879786297668,-0.0006019999273121357
0.01,0.01,0.01,0.005,0.011814000084996223,0.014539999887347221,0.628742836265266,0.5239360041230917,-0.10480683214217423,-0.002725999802350998
0.01,0.02,0.01,0.005,0.023800000548362732,0.03478199988603592,0.3187199936389923,0.23688536051511766,-0.08183463312387462,-0.010981999337673187
0.01,0.0,0.02,0.005,0.0010720000136643648,0.0003440000000409782,0.913017199984286,0.9138871999999508,0.0008700000156648402,0.0007280000136233866
0.01,0.001,0.02,0.005,0.002099999925121665,0.0016060000052675605,0.9115350003107451,0.9124030999939423,0.0008680996831972321,0.0004939999198541045
0.01,0.002,0.02,0.005,0.0033599999733269215,0.0030139998998492956,0.9056940001560375,0.9077181005858815,0.0020241004298440224,0.00034600007347762585
0.01,0.005,0.02,0.005,0.006449999753385782,0.0073460000567138195,0.8526200072504581,0.8223331976860762,-0.0302868095643819,-0.0008960003033280373
0.01,0.01,0.02,0.005,0.012476000003516674,0.015731999650597572,0.5996545598454774,0.483895611076057,-0.11575894876942044,-0.0032559996470808983
0.01,0.02,0.02,0.005,0.024215999990701675,0.03607599809765816,0.3138944001078605,0.23389864353835585,-0.07999575656950467,-0.011859998106956482
0.01,0.0,0.05,0.005,0.0021959999576210976,0.0005719999899156392,0.9111366001758725,0.9136136000121012,0.0024769998362287327,0.0016239999677054584
0.01,0.001,0.05,0.005,0.0032760000322014093,0.0021520000882446766,0.9061853998116217,0.9113191996337846,0.005133799822162888,0.0011239999439567327
0.01,0.002,0.05,0.005,0.004360000137239695,0.0034940000623464584,0.8979359984697775,0.9049100996352732,0.006974101165495794,0.0008660000748932362
0.01,0.005,0.05,0.005,0.008008000440895557,0.008820000104606152,0.795298780644685,0.7596519954077899,-0.03564678523689502,-0.0008119996637105942
0.01,0.01,0.05,0.005,0.013976000249385834,0.018198000267148018,0.5445783908724785,0.4132757544219494,-0.1313026364505291,-0.004222000017762184
0.01,0.02,0.05,0.005,0.02615799941122532,0.04075999930500984,0.2929420860290527,0.2165636021822691,-0.07637848384678358,-0.014601999893784523
0.02,0.0,0.0,0.005,0.0011340000201016665,0.0011699999449774623,0.9129458999768831,0.912904500063276,-4.139991360718742e-05,-3.599992487579584e-05
0.02,0.001,0.0,0.005,0.0023040000814944506,0.0023219999857246876,0.910688399661798,0.9106137000592426,-7.469960255546138e-05,-1.7999904230237007e-05
0.02,0.002,0.0,0.005,0.003346000099554658,0.003667999990284443,0.9057758994176052,0.903892200056836,-0.0018836993607691532,-0.00032199989072978497
0.02,0.005,0.0,0.005,0.006610000040382147,0.007449999917298555,0.8479159988127649,0.818090003374219,-0.029825995438545916,-0.0008399998769164085
0.02,0.01,0.0,0.005,0.012582000344991684,0.015647999942302704,0.5955987873733044,0.48655840182900434,-0.10904038554430007,-0.00306599959731102
0.02,0.02,0.0,0.005,0.025033999234437943,0.035190001130104065,0.3044518478393554,0.23554659789800644,-0.06890524994134897,-0.010156001895666122
0.02,0.0,0.005,0.005,0.001541999983601272,0.0011660000309348106,0.9124767000188586,0.912909099964425,0.0004323999455664307,0.00037599995266646147
0.02,0.001,0.005,0.005,0.0027280000504106283,0.002311999909579754,0.9089287997907959,0.9106552003752441,0.0017264005844481733,0.00041600014083087444
0.02,0.002,0.005,0.005,0.0036979999858886003,0.0036460000555962324,0.9037167000825517,0.9040208996747621,0.00030419959221039683,5.1999930292367935e-05
0.02,0.005,0.005,0.005,0.007222000043839216,0.007710000034421682,0.82739239821136,0.8074819985955953,-0.019910399615764685,-0.0004879999905824661
0.02,0.01,0.005,0.005,0.013147999532520771,0.01612200029194355,0.5748832171097398,0.4715325907453895,-0.10335062636435027,-0.002974000759422779
0.02,0.02,0.005,0.005,0.025474000722169876,0.03619999811053276,0.29994623260498043,0.23366800351440908,-0.06627822909057135,-0.010725997388362885
0.02,0.0,0.01,0.005,0.0018319999799132347,0.0012540000025182962,0.9121432000230998,0.912807899997104,0.0006646999740042014,0.0005779999773949385
0.02,0.001,0.01,0.005,0.003025999991223216,0.0025599999353289604,0.9076479000513441,0.9096260002683848,0.0019781002170407014,0.00046600005589425564
0.02,0.002,0.01,0.005,0.004157999996095896,0.0036100000143051147,0.9001883000435308,0.9042314999163151,0.004043199872784342,0.000547999981790781
0.02,0.005,0.01,0.005,0.007526000030338764,0.00788000039756298,0.8149891987621785,0.8005459837794304,-0.014443214982748032,-0.00035400036722421646
0.02,0.01,0.01,0.005,0.01331000030040741,0.016133999451994896,0.5689539890050889,0.47115221737176183,-0.09780177163332704,-0.0028239991515874863
0.02,0.02,0.01,0.005,0.025483999401330948,0.036632001399993896,0.2998438461303711,0.23286447739601138,-0.0669793687343597,-0.011148001998662949
0.02,0.0,0.02,0.005,0.0026400000788271427,0.0013719999697059393,0.9092939996728673,0.9126722000348382,0.0033782003619708956,0.0012680001091212034
0.02,0.001,0.02,0.005,0.003851999994367361,0.0026599999982863665,0.9028158000329509,0.9092110000071115,0.006395199974160604,0.0011919999960809946
0.02,0.002,0.02,0.005,0.004925999790430069,0.003955999854952097,0.8916251023367048,0.9022074008485302,0.010582298511825461,0.000969999935477972
0.02,0.005,0.02,0.005,0.008464000187814236,0.008461999706923962,0.775280391754955,0.7753682128660381,8.782111108307511e-05,2.000480890274048e-06
0.02,0.01,0.02,0.005,0.014175999909639359,0.017103999853134155,0.5372584033071995,0.4404032046556473,-0.09685519865155223,-0.0029279999434947968
0.02,0.02,0.02,0.005,0.027049999684095383,0.03856600075960159,0.28380800323486327,0.22600527626276018,-0.05780272697210309,-0.01151600107550621
0.02,0.0,0.05,0.005,0.004769999999552965,0.0015780000248923898,0.8933645000049845,0.9124352999713737,0.019070799966389274,0.0031919999746605754
0.02,0.001,0.05,0.005,0.005996000021696091,0.0033259999472647905,0.8659497994586826,0.9058929003085009,0.039943100849818336,0.0026700000744313
0.02,0.002,0.05,0.005,0.007127999793738127,0.004954000003635883,0.8312276084154845,0.89131289995946,0.06008529154397546,0.0021739997901022434
0.02,0.005,0.05,0.005,0.011102000251412392,0.010226000100374222,0.6600281089529395,0.6985195555895567,0.03849144663661719,0.0008760001510381699
0.02,0.01,0.05,0.005,0.01695599965751171,0.019780000671744347,0.4450948108568788,0.3802435859739781,-0.06485122488290068,-0.0028240010142326355
0.02,0.02,0.05,0.005,0.029193999245762825,0.04245999827980995,0.2689343645706773,0.21122560540139676,-0.05770875916928056,-0.013265999034047127
0.05,0.0,0.0,0.005,0.0073460000567138195,0.007185999769717455,0.8223331976860762,0.8288612093955279,0.00652801170945172,0.0001600002869963646
0.05,0.001,0.0,0.005,0.008678000420331955,0.00850799959152937,0.7658857815474271,0.7733488179318606,0.0074630363844334635,0.0001700008288025856
0.05,0.002,0.0,0.005,0.009854000061750412,0.0098879998549819,0.7147717973262072,0.7132996062792838,-0.0014721910469234212,-3.3999793231487274e-05
0.05,0.005,0.0,0.005,0.013438000343739986,0.014336000196635723,0.5642691874191166,0.5314023928031326,-0.03286679461598396,-0.0008979998528957367
0.05,0.01,0.0,0.005,0.020163999870419502,0.02265400066971779,0.37290464216917757,0.33201359223127364,-0.040891049937903934,-0.0024900007992982864
0.05,0.02,0.0,0.005,0.033479999750852585,0.043540000915527344,0.2427704011261463,0.20858319778442383,-0.03418720334172248,-0.010060001164674759
0.05,0.0,0.005,0.005,0.00813400000333786,0.0073460000567138195,0.7897673998534679,0.8223331976860762,0.03256579783260827,0.0007879999466240406
0.05,0.001,0.005,0.005,0.009557999670505524,0.008390000090003014,0.7275886142671109,0.7785289960488677,0.05094038178175686,0.00116799958050251
0.05,0.002,0.005,0.005,0.010565999895334244,0.00977800041437149,0.6835799645990134,0.7180625820577144,0.03448261745870107,0.0007879994809627533
0.05,0.005,0.005,0.005,0.01413000002503395,0.01458400022238493,0.5389419990837574,0.5223255918607116,-0.016616407223045804,-0.00045400019735097885
0.05,0.01,0.005,0.005,0.020627999678254128,0.023207999765872955,0.3651372853860259,0.3255872027158737,-0.0395500826701522,-0.002580000087618828
0.05,0.02,0.005,0.005,0.034035999327898026,0.04361800104379654,0.24025728303790092,0.20839443747401237,-0.03186284556388855,-0.009582001715898514
0.05,0.0,0.01,0.005,0.008906000293791294,0.007133999839425087,0.7558765871025621,0.8309828065514565,0.0751062194488944,0.0017720004543662071
0.05,0.001,0.01,0.005,0.010242000222206116,0.00875800009816885,0.6978165102362633,0.7623737956903874,0.06455728545412409,0.0014840001240372658
0.05,0.002,0.01,0.005,0.011416000314056873,0.009908000007271767,0.646230946200341,0.7124335996851325,0.06620265348479148,0.0015080003067851067
0.05,0.005,0.01,0.005,0.015216000378131866,0.014511999674141407,0.5002527880132198,0.5249608119264245,0.024708023913204702,0.0007040007039904594
0.05,0.01,0.01,0.005,0.021762000396847725,0.02390200085937977,0.3461541133567691,0.31753679003119467,-0.02861732332557443,-0.0021400004625320435
0.05,0.02,0.01,0.005,0.035002000629901886,0.045207999646663666,0.2358962788283825,0.2050666399717331,-0.030829638856649383,-0.01020599901676178
0.05,0.0,0.02,0.005,0.010301999747753143,0.007422000169754028,0.6951801310837269,0.8192323930740356,0.12405226199030872,0.002879999577999115
0.05,0.001,0.02,0.005,0.011908000335097313,0.008870000019669533,0.6246124652758241,0.7574569991365074,0.1328445338606833,0.00303800031542778
0.05,0.002,0.02,0.005,0.01308399997651577,0.010325999930500984,0.5772256008595229,0.6941255630537868,0.1168999621942639,0.0027580000460147858
0.05,0.005,0.02,0.005,0.01682800054550171,0.01522000040858984,0.4491523827075959,0.5001259870477021,0.05097360434010617,0.001608000136911869
0.05,0.01,0.02,0.005,0.023401999846100807,0.024568000808358192,0.3233368017852306,0.30981119062304496,-0.013525611162185647,-0.0011660009622573853
0.05,0.02,0.02,0.005,0.03697200119495392,0.046484000980854034,0.23223207777738572,0.20516872007846831,-0.027063357698917406,-0.009511999785900116
0.05,0.0,0.05,0.005,0.01569800078868866,0.008679999969899654,0.4849733749985695,0.7657980013214052,0.28082462632283567,0.007018000818789005
0.05,0.001,0.05,0.005,0.016834000125527382,0.00992599967867136,0.448962196020782,0.7116542139135301,0.2626920178927481,0.006908000446856022
0.05,0.002,0.05,0.005,0.01796800084412098,0.012045999988913536,0.418078142374754,0.6185487604871392,0.20047061811238526,0.005922000855207443
0.05,0.005,0.05,0.005,0.022091999650001526,0.017810000106692314,0.34062992585897445,0.4213771977722645,0.08074727191329006,0.004281999543309212
0.05,0.01,0.05,0.005,0.028123999014496803,0.027876000851392746,0.27541856597214937,0.27692143484056,0.0015028688684106117,0.0002479981631040573
0.05,0.02,0.05,0.005,0.04138999804854393,0.05130000039935112,0.21458540612757207,0.19613999952077865,-0.01844540660679342,-0.00991000235080719
