p,seed,ideal_code_logical_error,qec1_logical_error,qec3_logical_error,qec1_logical_X,qec1_logical_Y,qec1_logical_Z,qec3_logical_X,qec3_logical_Y,qec3_logical_Z,unprotected_accuracy,ideal_code_accuracy,qec1_accuracy,qec3_accuracy,unprotected_f1,ideal_code_f1,qec1_f1,qec3_f1
0.0,42,0.0,0.03906399999999999,0.06973799999999997,0.013216,0.012638,0.01321,0.024436,0.02267,0.022632,0.9143,0.9143,0.1505,0.1213,0.9146426842076639,0.9146426842076639,0.10148653190604431,0.07287215556493087
0.0,43,0.0,0.03906399999999999,0.06973799999999997,0.013216,0.012638,0.01321,0.024436,0.02267,0.022632,0.9143,0.9143,0.1503,0.1206,0.9146426842076639,0.9146426842076639,0.10201724223670383,0.06952307201368915
0.0,44,0.0,0.03906399999999999,0.06973799999999997,0.013216,0.012638,0.01321,0.024436,0.02267,0.022632,0.9143,0.9143,0.1549,0.1256,0.9146426842076639,0.9146426842076639,0.10511770870792429,0.0757291938728513
0.0,45,0.0,0.03906399999999999,0.06973799999999997,0.013216,0.012638,0.01321,0.024436,0.02267,0.022632,0.9143,0.9143,0.1491,0.1212,0.9146426842076639,0.9146426842076639,0.10081277036211993,0.07083035612704433
0.0,46,0.0,0.03906399999999999,0.06973799999999997,0.013216,0.012638,0.01321,0.024436,0.02267,0.022632,0.9143,0.9143,0.1497,0.1236,0.9146426842076639,0.9146426842076639,0.10014648233571752,0.07572982490469318
0.001,1042,9.977795550786261e-06,0.038868000000000014,0.06972199999999995,0.013282,0.012828,0.012758,0.024468,0.022742,0.022512,0.9136,0.9143,0.1498,0.1204,0.9141309909062219,0.9146467371902443,0.1013850266804153,0.07156963444461867
0.001,1043,9.977795550786261e-06,0.038868000000000014,0.06972199999999995,0.013282,0.012828,0.012758,0.024468,0.022742,0.022512,0.9133,0.9143,0.1455,0.113,0.9138283441276487,0.9146426842076639,0.0981052010344158,0.06686587372557633
0.001,1044,9.977795550786261e-06,0.038868000000000014,0.06972199999999995,0.013282,0.012828,0.012758,0.024468,0.022742,0.022512,0.9133,0.9143,0.1507,0.1202,0.9137757567366164,0.9146426842076639,0.09833108501981598,0.07337966875045798
0.001,1045,9.977795550786261e-06,0.038868000000000014,0.06972199999999995,0.013282,0.012828,0.012758,0.024468,0.022742,0.022512,0.9126,0.9143,0.1493,0.1176,0.9131390302476937,0.9146426842076639,0.10161260214878987,0.07247612563099508
0.001,1046,9.977795550786261e-06,0.038868000000000014,0.06972199999999995,0.013282,0.012828,0.012758,0.024468,0.022742,0.022512,0.9139,0.9142,0.1516,0.12,0.9144251187395109,0.9145420121439531,0.10364758265126968,0.07179372918340436
0.002,2042,3.9822506515019285e-05,0.039358000000000004,0.07037800000000005,0.013686,0.012918,0.012754,0.024678,0.022782,0.022918,0.9118,0.9143,0.1519,0.1175,0.9124906900476668,0.9146537788018005,0.10419923456769598,0.06969813965641679
0.002,2043,3.9822506515019285e-05,0.039358000000000004,0.07037800000000005,0.013686,0.012918,0.012754,0.024678,0.022782,0.022918,0.9123,0.914,0.1521,0.1169,0.9129733569385741,0.9143515454322187,0.10309862179036369,0.06841307143071912
0.002,2044,3.9822506515019285e-05,0.039358000000000004,0.07037800000000005,0.013686,0.012918,0.012754,0.024678,0.022782,0.022918,0.9118,0.9142,0.156,0.1196,0.9125110396556229,0.914553514809813,0.10623650406959077,0.07288885910302512
0.002,2045,3.9822506515019285e-05,0.039358000000000004,0.07037800000000005,0.013686,0.012918,0.012754,0.024678,0.022782,0.022918,0.911,0.9143,0.1478,0.1201,0.9117069620990275,0.9146536937255249,0.09791062412840659,0.07324797763662809
0.002,2046,3.9822506515019285e-05,0.039358000000000004,0.07037800000000005,0.013686,0.012918,0.012754,0.024678,0.022782,0.022918,0.9114,0.9144,0.1537,0.1216,0.9120319604691483,0.9147417355925995,0.10392734735197048,0.07236640486956697
0.005,3042,0.0002472333185183917,0.04017599999999999,0.07082,0.013722,0.013142,0.013312,0.024592,0.022926,0.023302,0.8983,0.9147,0.1526,0.1226,0.8999029393269711,0.9150836397788898,0.10361519619192161,0.07533132235864573
0.005,3043,0.0002472333185183917,0.04017599999999999,0.07082,0.013722,0.013142,0.013312,0.024592,0.022926,0.023302,0.8982,0.9134,0.1513,0.1186,0.8998297933134332,0.9137788971971634,0.10188898734867666,0.0714866637244608
0.005,3044,0.0002472333185183917,0.04017599999999999,0.07082,0.013722,0.013142,0.013312,0.024592,0.022926,0.023302,0.8979,0.9148,0.1493,0.1205,0.8995984516422084,0.9151799380862322,0.09970515964862438,0.07199443606215167
0.005,3045,0.0002472333185183917,0.04017599999999999,0.07082,0.013722,0.013142,0.013312,0.024592,0.022926,0.023302,0.8968,0.9136,0.1442,0.1224,0.8984294690055366,0.9139760621800755,0.09678532670898161,0.07389752190943796
0.005,3046,0.0002472333185183917,0.04017599999999999,0.07082,0.013722,0.013142,0.013312,0.024592,0.022926,0.023302,0.8959,0.914,0.1429,0.1215,0.8976274880354321,0.9144182988795728,0.0956672984262968,0.07400789520952411
0.01,4042,0.000977955081481463,0.04256199999999999,0.07284999999999997,0.014368,0.01418,0.014014,0.02544,0.023932,0.023478,0.7543,0.9129,0.1399,0.1185,0.7554261610528727,0.913387207086884,0.09027781702890797,0.06895288347187195
0.01,4043,0.000977955081481463,0.04256199999999999,0.07284999999999997,0.014368,0.01418,0.014014,0.02544,0.023932,0.023478,0.7435,0.9127,0.1382,0.1216,0.7441597357316054,0.9132326142367271,0.09133661132737653,0.075425166543474
0.01,4044,0.000977955081481463,0.04256199999999999,0.07284999999999997,0.014368,0.01418,0.014014,0.02544,0.023932,0.023478,0.745,0.9127,0.1429,0.1136,0.7439312342720641,0.9132092611875118,0.09333891634516087,0.06527524077941864
0.01,4045,0.000977955081481463,0.04256199999999999,0.07284999999999997,0.014368,0.01418,0.014014,0.02544,0.023932,0.023478,0.7444,0.9139,0.1373,0.1215,0.743530652321881,0.9144159609053482,0.08860656782246634,0.07261997758764877
0.01,4046,0.000977955081481463,0.04256199999999999,0.07284999999999997,0.014368,0.01418,0.014014,0.02544,0.023932,0.023478,0.7498,0.9127,0.1418,0.1211,0.7498339199793944,0.9131817966777677,0.09445248556956883,0.07086263667096102
0.02,5042,0.0038250514962961946,0.047023999999999955,0.07806599999999997,0.01599,0.015604,0.01543,0.027198,0.025632,0.025236,0.3523,0.9061,0.1366,0.1156,0.30758533153381395,0.9073877210213288,0.08866588236282343,0.06979195764110427
0.02,5043,0.0038250514962961946,0.047023999999999955,0.07806599999999997,0.01599,0.015604,0.01543,0.027198,0.025632,0.025236,0.3453,0.906,0.1364,0.1183,0.2997495779385786,0.9071574057079846,0.08803717318746548,0.07012246447447265
0.02,5044,0.0038250514962961946,0.047023999999999955,0.07806599999999997,0.01599,0.015604,0.01543,0.027198,0.025632,0.025236,0.3429,0.9078,0.1308,0.116,0.29354195689968715,0.9089406715108602,0.08251277625817892,0.06998517246715101
0.02,5045,0.0038250514962961946,0.047023999999999955,0.07806599999999997,0.01599,0.015604,0.01543,0.027198,0.025632,0.025236,0.3401,0.9054,0.1378,0.1188,0.2921147853987839,0.9065940293686742,0.08709578221449263,0.07215497825309952
0.02,5046,0.0038250514962961946,0.047023999999999955,0.07806599999999997,0.01599,0.015604,0.01543,0.027198,0.025632,0.025236,0.3407,0.9068,0.1299,0.1144,0.29447948488596837,0.9079486799676969,0.08141466321511495,0.06596530064688086
0.05,6042,0.022331851851851825,0.07011,0.10073600000000005,0.023476,0.02301,0.023624,0.034724,0.03343,0.032582,0.1311,0.2917,0.1199,0.1168,0.08310588582745713,0.2400000045421063,0.07368227242617525,0.06845923537502138
0.05,6043,0.022331851851851825,0.07011,0.10073600000000005,0.023476,0.02301,0.023624,0.034724,0.03343,0.032582,0.1327,0.2943,0.1166,0.1168,0.08525004729381225,0.24267284710693676,0.07048810895186619,0.0670928238205688
0.05,6044,0.022331851851851825,0.07011,0.10073600000000005,0.023476,0.02301,0.023624,0.034724,0.03343,0.032582,0.1353,0.2888,0.1229,0.1232,0.08594967010859324,0.23715512838185554,0.07514092107811705,0.07065207112448595
0.05,6045,0.022331851851851825,0.07011,0.10073600000000005,0.023476,0.02301,0.023624,0.034724,0.03343,0.032582,0.1278,0.2893,0.1216,0.1196,0.0803221845903749,0.2361251010167064,0.07219451392725514,0.07058410954614104
0.05,6046,0.022331851851851825,0.07011,0.10073600000000005,0.023476,0.02301,0.023624,0.034724,0.03343,0.032582,0.1325,0.2953,0.1168,0.1206,0.08259562392397339,0.24392805185731023,0.07242651730206366,0.06909874677909464
