p,seed,ideal_logical_error,previous_flagged_logical_error,majority3_logical_error,history3_logical_error,history_coset_prediction_accuracy,temporal_syndrome_change_rate,three_round_flag_cycle_rate,unprotected_accuracy,ideal_code_accuracy,previous_flagged_accuracy,majority3_accuracy,history3_accuracy,unprotected_f1,ideal_code_f1,previous_flagged_f1,majority3_f1,history3_f1
0.0,42,0.0,0.013273999999999897,0.07679666666666662,0.05371999999999999,0.8796233534812927,0.36190667748451233,0.22508665919303894,0.9143,0.9143,0.5952,0.1263,0.129,0.9146426842076639,0.9146426842076639,0.5819469225231456,0.07792696804960281,0.07964907909772019
0.0,43,0.0,0.013273999999999897,0.07679666666666662,0.05371999999999999,0.8796233534812927,0.36190667748451233,0.22508665919303894,0.9143,0.9143,0.5968,0.1226,0.1301,0.9146426842076639,0.9146426842076639,0.5833266437296295,0.07303128354183999,0.08130896343165069
0.0,44,0.0,0.013273999999999897,0.07679666666666662,0.05371999999999999,0.8796233534812927,0.36190667748451233,0.22508665919303894,0.9143,0.9143,0.5977,0.1151,0.1263,0.9146426842076639,0.9146426842076639,0.5826087314396113,0.06704019587781854,0.07609524684788449
0.0,45,0.0,0.013273999999999897,0.07679666666666662,0.05371999999999999,0.8796233534812927,0.36190667748451233,0.22508665919303894,0.9143,0.9143,0.5947,0.1229,0.1252,0.9146426842076639,0.9146426842076639,0.5791085362127569,0.07384363931877735,0.07764013024359309
0.0,46,0.0,0.013273999999999897,0.07679666666666662,0.05371999999999999,0.8796233534812927,0.36190667748451233,0.22508665919303894,0.9143,0.9143,0.5879,0.1231,0.1259,0.9146426842076639,0.9146426842076639,0.5747452062008965,0.07357910639929544,0.07955906412056077
0.001,10042,9.977795550786261e-06,0.014274000000000009,0.07681666666666664,0.053776666666666695,0.8796966671943665,0.36088332533836365,0.22437000274658203,0.9137,0.9143,0.5437,0.1218,0.1258,0.9142079546640618,0.9146338517096924,0.5218685924034198,0.07461926314244494,0.07717333116831243
0.001,10043,9.977795550786261e-06,0.014274000000000009,0.07681666666666664,0.053776666666666695,0.8796966671943665,0.36088332533836365,0.22437000274658203,0.9128,0.9144,0.5494,0.1198,0.1251,0.9133141542267531,0.9147404731637302,0.5303094112718671,0.0733308668902328,0.07731857088957805
0.001,10044,9.977795550786261e-06,0.014274000000000009,0.07681666666666664,0.053776666666666695,0.8796966671943665,0.36088332533836365,0.22437000274658203,0.9136,0.9141,0.5433,0.1129,0.1302,0.9140572869102673,0.9144420295497587,0.5237735411221126,0.06597156610154228,0.0802291820026496
0.001,10045,9.977795550786261e-06,0.014274000000000009,0.07681666666666664,0.053776666666666695,0.8796966671943665,0.36088332533836365,0.22437000274658203,0.9128,0.9143,0.5399,0.1201,0.1218,0.9133245690452296,0.9146426842076639,0.5190896117141697,0.07157116858665953,0.07329447339234309
0.001,10046,9.977795550786261e-06,0.014274000000000009,0.07681666666666664,0.053776666666666695,0.8796966671943665,0.36088332533836365,0.22437000274658203,0.9132,0.9143,0.5426,0.119,0.1253,0.9137061084979898,0.9146426842076639,0.5220345635296114,0.06964103918562389,0.07655403568108061
0.002,20042,3.9822506515019285e-05,0.014294000000000029,0.07730999999999999,0.05406,0.8784633278846741,0.360483318567276,0.2241266667842865,0.9121,0.9141,0.545,0.1204,0.1242,0.912817843781428,0.9144492490698763,0.5242296723722674,0.07127615362042676,0.07381928811089224
0.002,20043,3.9822506515019285e-05,0.014294000000000029,0.07730999999999999,0.05406,0.8784633278846741,0.360483318567276,0.2241266667842865,0.911,0.9143,0.5498,0.1207,0.1319,0.911722976288797,0.9146480727032198,0.5321629274015838,0.071314553283744,0.08382925874301575
0.002,20044,3.9822506515019285e-05,0.014294000000000029,0.07730999999999999,0.05406,0.8784633278846741,0.360483318567276,0.2241266667842865,0.9105,0.9143,0.5432,0.1175,0.1245,0.9111894256500875,0.9146634254522381,0.5222698611228092,0.07099062110558926,0.07767428359688813
0.002,20045,3.9822506515019285e-05,0.014294000000000029,0.07730999999999999,0.05406,0.8784633278846741,0.360483318567276,0.2241266667842865,0.9121,0.9144,0.5494,0.1198,0.1304,0.9128590462221162,0.9147522469956982,0.5285518323061805,0.07122728418891949,0.08215169695679075
0.002,20046,3.9822506515019285e-05,0.014294000000000029,0.07730999999999999,0.05406,0.8784633278846741,0.360483318567276,0.2241266667842865,0.9117,0.9142,0.551,0.1204,0.1253,0.9123247487026583,0.9145420409520352,0.5301425276198202,0.07248303983510831,0.07572594462400117
0.005,30042,0.0002472333185183917,0.016382000000000008,0.07753333333333334,0.055976666666666675,0.8781833052635193,0.36098000407218933,0.22442999482154846,0.8956,0.9142,0.4604,0.1186,0.1255,0.8972605471375852,0.9146024601603445,0.42544450156950725,0.0706762122147218,0.07923214699329564
0.005,30043,0.0002472333185183917,0.016382000000000008,0.07753333333333334,0.055976666666666675,0.8781833052635193,0.36098000407218933,0.22442999482154846,0.8966,0.9143,0.4527,0.12,0.126,0.8983611067246852,0.9146645710345854,0.41991101824361615,0.07148595224709668,0.07623282352174904
0.005,30044,0.0002472333185183917,0.016382000000000008,0.07753333333333334,0.055976666666666675,0.8781833052635193,0.36098000407218933,0.22442999482154846,0.8957,0.914,0.4619,0.121,0.1283,0.8975796358636527,0.9144018906786316,0.4311542718942434,0.074450749790362,0.07847186982271426
0.005,30045,0.0002472333185183917,0.016382000000000008,0.07753333333333334,0.055976666666666675,0.8781833052635193,0.36098000407218933,0.22442999482154846,0.8924,0.9135,0.4567,0.1173,0.1241,0.8942519418624778,0.9138863462852431,0.4266439576040166,0.06832743410523778,0.0745613021939556
0.005,30046,0.0002472333185183917,0.016382000000000008,0.07753333333333334,0.055976666666666675,0.8781833052635193,0.36098000407218933,0.22442999482154846,0.8991,0.9141,0.4587,0.1186,0.1285,0.9008692115092268,0.9144779200699279,0.4259935081606545,0.0713275170257693,0.07986977903356322
0.01,40042,0.000977955081481463,0.019847999999999977,0.08131333333333335,0.06015000000000004,0.873283326625824,0.3617466688156128,0.22576665878295898,0.7488,0.9133,0.3454,0.1206,0.1237,0.7488250801444367,0.9138299258407393,0.2998157930059272,0.07102732160090382,0.07664083192519681
0.01,40043,0.000977955081481463,0.019847999999999977,0.08131333333333335,0.06015000000000004,0.873283326625824,0.3617466688156128,0.22576665878295898,0.7501,0.914,0.3508,0.1175,0.1213,0.7500639869497845,0.9145440873712631,0.30448115416190735,0.07061728732623677,0.07339384619650702
0.01,40044,0.000977955081481463,0.019847999999999977,0.08131333333333335,0.06015000000000004,0.873283326625824,0.3617466688156128,0.22576665878295898,0.7472,0.9128,0.3548,0.1178,0.123,0.7473763304232142,0.9133441552787623,0.305783008995114,0.07093754793995774,0.07738037967977171
0.01,40045,0.000977955081481463,0.019847999999999977,0.08131333333333335,0.06015000000000004,0.873283326625824,0.3617466688156128,0.22576665878295898,0.7456,0.9132,0.3508,0.1183,0.1255,0.7439124269957583,0.9136922032102802,0.3018139955979977,0.06960399092337552,0.07832467676119481
0.01,40046,0.000977955081481463,0.019847999999999977,0.08131333333333335,0.06015000000000004,0.873283326625824,0.3617466688156128,0.22576665878295898,0.7499,0.9134,0.3471,0.1185,0.1273,0.7502528714925771,0.9138736096788325,0.2986075604126689,0.06953253261227955,0.07905797805824562
0.02,50042,0.0038250514962961946,0.027324000000000015,0.08642666666666665,0.0660533333333333,0.8673466444015503,0.36143332719802856,0.22393333911895752,0.3415,0.9052,0.2219,0.1171,0.1212,0.29178372378958106,0.9064657270918867,0.1675710407549201,0.06845003027464659,0.07036357225488048
0.02,50043,0.0038250514962961946,0.027324000000000015,0.08642666666666665,0.0660533333333333,0.8673466444015503,0.36143332719802856,0.22393333911895752,0.3462,0.9071,0.2188,0.1192,0.1234,0.3012767570044535,0.9083132807838276,0.16692579324481888,0.07005069991584414,0.07501577421274355
0.02,50044,0.0038250514962961946,0.027324000000000015,0.08642666666666665,0.0660533333333333,0.8673466444015503,0.36143332719802856,0.22393333911895752,0.344,0.908,0.2224,0.1199,0.1194,0.29762991223997504,0.9091638626547212,0.16882240369277263,0.07068733943872423,0.07070434917033946
0.02,50045,0.0038250514962961946,0.027324000000000015,0.08642666666666665,0.0660533333333333,0.8673466444015503,0.36143332719802856,0.22393333911895752,0.3418,0.9069,0.2169,0.1187,0.1228,0.2979295243498271,0.9081585097391611,0.16415586129224652,0.06955610183267472,0.07332228769182794
0.02,50046,0.0038250514962961946,0.027324000000000015,0.08642666666666665,0.0660533333333333,0.8673466444015503,0.36143332719802856,0.22393333911895752,0.336,0.9048,0.22,0.1164,0.1196,0.29014020879573965,0.9059996970203354,0.1674107346370744,0.07060399910538814,0.0718220279846048
0.05,60042,0.022331851851851825,0.056772000000000045,0.11082999999999998,0.09606999999999999,0.8387666940689087,0.36078333854675293,0.2241833359003067,0.1278,0.2966,0.1271,0.1198,0.1183,0.07856513684232411,0.24508103211353566,0.07909268678971379,0.07142551727267607,0.07001880233858883
0.05,60043,0.022331851851851825,0.056772000000000045,0.11082999999999998,0.09606999999999999,0.8387666940689087,0.36078333854675293,0.2241833359003067,0.1315,0.2931,0.1259,0.1203,0.1206,0.0814809567013964,0.23875027245230887,0.07888670249871989,0.07285595435364267,0.07253925372661928
0.05,60044,0.022331851851851825,0.056772000000000045,0.11082999999999998,0.09606999999999999,0.8387666940689087,0.36078333854675293,0.2241833359003067,0.1303,0.291,0.1239,0.1176,0.1138,0.08139845914058971,0.2402086815828913,0.07508677230930626,0.06961773646108974,0.06629612908332846
0.05,60045,0.022331851851851825,0.056772000000000045,0.11082999999999998,0.09606999999999999,0.8387666940689087,0.36078333854675293,0.2241833359003067,0.1285,0.2968,0.1259,0.1183,0.1206,0.08030475738048141,0.2452996721264676,0.0773046859811758,0.06910823046320289,0.07113740857882306
0.05,60046,0.022331851851851825,0.056772000000000045,0.11082999999999998,0.09606999999999999,0.8387666940689087,0.36078333854675293,0.2241833359003067,0.1313,0.2937,0.1264,0.1213,0.1199,0.08459009193030298,0.2427105148501659,0.07716286602016911,0.0713773793463032,0.07125291270257042
